{
  "Get Buyer order" : {
    "transaction" : "Get Buyer order",
    "sampleCount" : 3,
    "errorCount" : 0,
    "errorPct" : 0.0,
    "meanResTime" : 274.0,
    "medianResTime" : 278.0,
    "minResTime" : 266.0,
    "maxResTime" : 278.0,
    "pct1ResTime" : 278.0,
    "pct2ResTime" : 278.0,
    "pct3ResTime" : 278.0,
    "throughput" : 0.36372453928225024,
    "receivedKBytesPerSec" : 0.4493276779219205,
    "sentKBytesPerSec" : 0.14492149612027158
  },
  "Delete Seller Product id" : {
    "transaction" : "Delete Seller Product id",
    "sampleCount" : 3,
    "errorCount" : 0,
    "errorPct" : 0.0,
    "meanResTime" : 295.6666666666667,
    "medianResTime" : 281.0,
    "minResTime" : 277.0,
    "maxResTime" : 329.0,
    "pct1ResTime" : 329.0,
    "pct2ResTime" : 329.0,
    "pct3ResTime" : 329.0,
    "throughput" : 0.8628127696289906,
    "receivedKBytesPerSec" : 0.27131417169974115,
    "sentKBytesPerSec" : 0.38422131147540983
  },
  "Get Buyer Product" : {
    "transaction" : "Get Buyer Product",
    "sampleCount" : 3,
    "errorCount" : 0,
    "errorPct" : 0.0,
    "meanResTime" : 7649.0,
    "medianResTime" : 6337.0,
    "minResTime" : 5509.0,
    "maxResTime" : 11101.0,
    "pct1ResTime" : 11101.0,
    "pct2ResTime" : 11101.0,
    "pct3ResTime" : 11101.0,
    "throughput" : 0.20977554017201594,
    "receivedKBytesPerSec" : 1113.3092473865463,
    "sentKBytesPerSec" : 0.08747476138032305
  },
  "Login" : {
    "transaction" : "Login",
    "sampleCount" : 3,
    "errorCount" : 0,
    "errorPct" : 0.0,
    "meanResTime" : 348.0,
    "medianResTime" : 342.0,
    "minResTime" : 335.0,
    "maxResTime" : 367.0,
    "pct1ResTime" : 367.0,
    "pct2ResTime" : 367.0,
    "pct3ResTime" : 367.0,
    "throughput" : 0.6402048655569782,
    "receivedKBytesPerSec" : 0.3213528329065301,
    "sentKBytesPerSec" : 0.23945162451984636
  },
  "Get Seller Product id" : {
    "transaction" : "Get Seller Product id",
    "sampleCount" : 3,
    "errorCount" : 0,
    "errorPct" : 0.0,
    "meanResTime" : 538.3333333333334,
    "medianResTime" : 282.0,
    "minResTime" : 268.0,
    "maxResTime" : 1065.0,
    "pct1ResTime" : 1065.0,
    "pct2ResTime" : 1065.0,
    "pct3ResTime" : 1065.0,
    "throughput" : 0.8625646923519263,
    "receivedKBytesPerSec" : 0.6191260242955722,
    "sentKBytesPerSec" : 0.3655791762507188
  },
  "Get Buyer ID" : {
    "transaction" : "Get Buyer ID",
    "sampleCount" : 3,
    "errorCount" : 0,
    "errorPct" : 0.0,
    "meanResTime" : 261.6666666666667,
    "medianResTime" : 262.0,
    "minResTime" : 258.0,
    "maxResTime" : 265.0,
    "pct1ResTime" : 265.0,
    "pct2ResTime" : 265.0,
    "pct3ResTime" : 265.0,
    "throughput" : 0.36487472634395524,
    "receivedKBytesPerSec" : 0.40941509821211386,
    "sentKBytesPerSec" : 0.15286255625152032
  },
  "Get Buyer id" : {
    "transaction" : "Get Buyer id",
    "sampleCount" : 3,
    "errorCount" : 0,
    "errorPct" : 0.0,
    "meanResTime" : 273.3333333333333,
    "medianResTime" : 273.0,
    "minResTime" : 273.0,
    "maxResTime" : 274.0,
    "pct1ResTime" : 274.0,
    "pct2ResTime" : 274.0,
    "pct3ResTime" : 274.0,
    "throughput" : 0.3633720930232558,
    "receivedKBytesPerSec" : 0.4488922828851744,
    "sentKBytesPerSec" : 0.1451359238735465
  },
  "Post Buyer Order" : {
    "transaction" : "Post Buyer Order",
    "sampleCount" : 3,
    "errorCount" : 0,
    "errorPct" : 0.0,
    "meanResTime" : 287.6666666666667,
    "medianResTime" : 290.0,
    "minResTime" : 281.0,
    "maxResTime" : 292.0,
    "pct1ResTime" : 292.0,
    "pct2ResTime" : 292.0,
    "pct3ResTime" : 292.0,
    "throughput" : 0.36354823073194376,
    "receivedKBytesPerSec" : 0.2502944361972855,
    "sentKBytesPerSec" : 0.17751378453708191
  },
  "Get User" : {
    "transaction" : "Get User",
    "sampleCount" : 3,
    "errorCount" : 0,
    "errorPct" : 0.0,
    "meanResTime" : 281.6666666666667,
    "medianResTime" : 289.0,
    "minResTime" : 260.0,
    "maxResTime" : 296.0,
    "pct1ResTime" : 296.0,
    "pct2ResTime" : 296.0,
    "pct3ResTime" : 296.0,
    "throughput" : 0.6551648831622625,
    "receivedKBytesPerSec" : 0.3768477697095436,
    "sentKBytesPerSec" : 0.27575787562786636
  },
  "Register" : {
    "transaction" : "Register",
    "sampleCount" : 3,
    "errorCount" : 0,
    "errorPct" : 0.0,
    "meanResTime" : 1340.3333333333333,
    "medianResTime" : 1266.0,
    "minResTime" : 1128.0,
    "maxResTime" : 1627.0,
    "pct1ResTime" : 1627.0,
    "pct2ResTime" : 1627.0,
    "pct3ResTime" : 1627.0,
    "throughput" : 0.533997864008544,
    "receivedKBytesPerSec" : 0.3097604797080811,
    "sentKBytesPerSec" : 0.25500483935564255
  },
  "Post Product" : {
    "transaction" : "Post Product",
    "sampleCount" : 3,
    "errorCount" : 0,
    "errorPct" : 0.0,
    "meanResTime" : 1026.0,
    "medianResTime" : 723.0,
    "minResTime" : 557.0,
    "maxResTime" : 1798.0,
    "pct1ResTime" : 1798.0,
    "pct2ResTime" : 1798.0,
    "pct3ResTime" : 1798.0,
    "throughput" : 0.5992808629644426,
    "receivedKBytesPerSec" : 0.4038123002397123,
    "sentKBytesPerSec" : 0.0
  },
  "Total" : {
    "transaction" : "Total",
    "sampleCount" : 39,
    "errorCount" : 3,
    "errorPct" : 7.6923075,
    "meanResTime" : 1009.1538461538463,
    "medianResTime" : 281.0,
    "minResTime" : 258.0,
    "maxResTime" : 11101.0,
    "pct1ResTime" : 1798.0,
    "pct2ResTime" : 6337.0,
    "pct3ResTime" : 11101.0,
    "throughput" : 1.9277346646235973,
    "receivedKBytesPerSec" : 788.2896394302061,
    "sentKBytesPerSec" : 0.7605515669022787
  },
  "Put Buyer id" : {
    "transaction" : "Put Buyer id",
    "sampleCount" : 3,
    "errorCount" : 3,
    "errorPct" : 100.0,
    "meanResTime" : 267.6666666666667,
    "medianResTime" : 265.0,
    "minResTime" : 264.0,
    "maxResTime" : 274.0,
    "pct1ResTime" : 274.0,
    "pct2ResTime" : 274.0,
    "pct3ResTime" : 274.0,
    "throughput" : 0.3637686431429611,
    "receivedKBytesPerSec" : 0.16483266642415423,
    "sentKBytesPerSec" : 0.16270120953073844
  },
  "Get Seller Product" : {
    "transaction" : "Get Seller Product",
    "sampleCount" : 3,
    "errorCount" : 0,
    "errorPct" : 0.0,
    "meanResTime" : 275.6666666666667,
    "medianResTime" : 275.0,
    "minResTime" : 275.0,
    "maxResTime" : 277.0,
    "pct1ResTime" : 277.0,
    "pct2ResTime" : 277.0,
    "pct3ResTime" : 277.0,
    "throughput" : 0.860832137733142,
    "receivedKBytesPerSec" : 0.6195637553802009,
    "sentKBytesPerSec" : 0.3598009325681492
  }
}